{
	"Sequence" : 	{
		"Db" : [ 8.661957 ],
		"B" : [ 15.433853 ],
		"G" : [ 24.5 ],
		"C" : [ 130.812783 ],
		"E" : [ 41.203445 ],
		"Ab" : [ 103.826175 ],
		"F" : [ 174.614116 ],
		"Db2" : [ 277.182631 ],
		"B2" : [ 493.883301 ]
	}

}
